<?xml version="1.0" encoding="UTF-8"?>
<!DOCTYPE configuration
  PUBLIC "-//mybatis.org//DTD Config 3.0//EN"
  "http://mybatis.org/dtd/mybatis-3-config.dtd">
<configuration>
	<settings>
<!-- 		<setting name="mapUnderscoreToCamelCase" value="true" /> -->
		<setting name="jdbcTypeForNull" value="NULL" />
	</settings>
	<typeAliases>
		<typeAlias type="com.ssafy.dto.Qna" alias="qna" />
		<typeAlias type="com.ssafy.dto.Bean" alias="bean" />
	</typeAliases>

	<mappers>
		<mapper resource="mybatis/qnamapper.xml" />
<!-- 		<mapper resource="mybatis/userinfomapper.xml" /> -->
	</mappers>
</configuration>